cycle,branch,model,modeldate,candidate_inc,candidate_chal,candidate_3rd,evprob_inc,evprob_chal,evprob_3rd,total_ev,timestamp,simulations
2020,President,polls-plus,8/13/2020,Trump,Biden,"",.0014,.00005,,99,15:19:03 13 Aug 2020,40000
2020,President,polls-plus,8/13/2020,Trump,Biden,"",.00195,.000075,,98,15:19:03 13 Aug 2020,40000
2020,President,polls-plus,8/13/2020,Trump,Biden,"",.0031,.000075,,97,15:19:03 13 Aug 2020,40000
2020,President,polls-plus,8/13/2020,Trump,Biden,"",.0017,0,,96,15:19:03 13 Aug 2020,40000
2020,President,polls-plus,8/13/2020,Trump,Biden,"",.001075,.00005,,95,15:19:03 13 Aug 2020,40000
2020,President,polls-plus,8/13/2020,Trump,Biden,"",.00345,.00005,,94,15:19:03 13 Aug 2020,40000
2020,President,polls-plus,8/13/2020,Trump,Biden,"",.001625,.00005,,93,15:19:03 13 Aug 2020,40000
2020,President,polls-plus,8/13/2020,Trump,Biden,"",.002225,.000025,,92,15:19:03 13 Aug 2020,40000
2020,President,polls-plus,8/13/2020,Trump,Biden,"",.001875,.000075,,91,15:19:03 13 Aug 2020,40000
2020,President,polls-plus,8/13/2020,Trump,Biden,"",.001125,.00015,,90,15:19:03 13 Aug 2020,40000
2020,President,polls-plus,8/13/2020,Trump,Biden,"",.000225,0,,9,15:19:03 13 Aug 2020,40000
2020,President,polls-plus,8/13/2020,Trump,Biden,"",.00185,.000025,,89,15:19:03 13 Aug 2020,40000
2020,President,polls-plus,8/13/2020,Trump,Biden,"",.002275,.000025,,88,15:19:03 13 Aug 2020,40000
2020,President,polls-plus,8/13/2020,Trump,Biden,"",.001175,.000175,,87,15:19:03 13 Aug 2020,40000
2020,President,polls-plus,8/13/2020,Trump,Biden,"",.002225,.000125,,86,15:19:03 13 Aug 2020,40000
2020,President,polls-plus,8/13/2020,Trump,Biden,"",.0015,0,,85,15:19:03 13 Aug 2020,40000
2020,President,polls-plus,8/13/2020,Trump,Biden,"",.00085,0,,84,15:19:03 13 Aug 2020,40000
2020,President,polls-plus,8/13/2020,Trump,Biden,"",.00195,.000025,,83,15:19:03 13 Aug 2020,40000
2020,President,polls-plus,8/13/2020,Trump,Biden,"",.00185,0,,82,15:19:03 13 Aug 2020,40000
2020,President,polls-plus,8/13/2020,Trump,Biden,"",.001,0,,81,15:19:03 13 Aug 2020,40000
2020,President,polls-plus,8/13/2020,Trump,Biden,"",.00175,.000025,,80,15:19:03 13 Aug 2020,40000
2020,President,polls-plus,8/13/2020,Trump,Biden,"",.000375,0,,8,15:19:03 13 Aug 2020,40000
2020,President,polls-plus,8/13/2020,Trump,Biden,"",.000925,0,,79,15:19:03 13 Aug 2020,40000
2020,President,polls-plus,8/13/2020,Trump,Biden,"",.000725,0,,78,15:19:03 13 Aug 2020,40000
2020,President,polls-plus,8/13/2020,Trump,Biden,"",.0018,0,,77,15:19:03 13 Aug 2020,40000
2020,President,polls-plus,8/13/2020,Trump,Biden,"",.001725,.000025,,76,15:19:03 13 Aug 2020,40000
2020,President,polls-plus,8/13/2020,Trump,Biden,"",.001375,.00005,,75,15:19:03 13 Aug 2020,40000
2020,President,polls-plus,8/13/2020,Trump,Biden,"",.001375,.000025,,74,15:19:03 13 Aug 2020,40000
2020,President,polls-plus,8/13/2020,Trump,Biden,"",.000875,0,,73,15:19:03 13 Aug 2020,40000
2020,President,polls-plus,8/13/2020,Trump,Biden,"",.001025,.000075,,72,15:19:03 13 Aug 2020,40000
2020,President,polls-plus,8/13/2020,Trump,Biden,"",.0011,0,,71,15:19:03 13 Aug 2020,40000
2020,President,polls-plus,8/13/2020,Trump,Biden,"",.001275,0,,70,15:19:03 13 Aug 2020,40000
2020,President,polls-plus,8/13/2020,Trump,Biden,"",.0001,0,,7,15:19:03 13 Aug 2020,40000
2020,President,polls-plus,8/13/2020,Trump,Biden,"",.0013,0,,69,15:19:03 13 Aug 2020,40000
2020,President,polls-plus,8/13/2020,Trump,Biden,"",.000725,.00005,,68,15:19:03 13 Aug 2020,40000
2020,President,polls-plus,8/13/2020,Trump,Biden,"",.000525,.000025,,67,15:19:03 13 Aug 2020,40000
2020,President,polls-plus,8/13/2020,Trump,Biden,"",.001125,.000025,,66,15:19:03 13 Aug 2020,40000
2020,President,polls-plus,8/13/2020,Trump,Biden,"",.0011,.00005,,65,15:19:03 13 Aug 2020,40000
2020,President,polls-plus,8/13/2020,Trump,Biden,"",.000825,.000025,,64,15:19:03 13 Aug 2020,40000
2020,President,polls-plus,8/13/2020,Trump,Biden,"",.00145,.00005,,63,15:19:03 13 Aug 2020,40000
2020,President,polls-plus,8/13/2020,Trump,Biden,"",.000925,.000025,,62,15:19:03 13 Aug 2020,40000
2020,President,polls-plus,8/13/2020,Trump,Biden,"",.000825,.000025,,61,15:19:03 13 Aug 2020,40000
2020,President,polls-plus,8/13/2020,Trump,Biden,"",.001025,.000025,,60,15:19:03 13 Aug 2020,40000
2020,President,polls-plus,8/13/2020,Trump,Biden,"",.000025,.00005,,6,15:19:03 13 Aug 2020,40000
2020,President,polls-plus,8/13/2020,Trump,Biden,"",.001125,.000025,,59,15:19:03 13 Aug 2020,40000
2020,President,polls-plus,8/13/2020,Trump,Biden,"",.00065,0,,58,15:19:03 13 Aug 2020,40000
2020,President,polls-plus,8/13/2020,Trump,Biden,"",.000775,.000025,,57,15:19:03 13 Aug 2020,40000
2020,President,polls-plus,8/13/2020,Trump,Biden,"",.000725,.000025,,56,15:19:03 13 Aug 2020,40000
2020,President,polls-plus,8/13/2020,Trump,Biden,"",.00105,0,,55,15:19:03 13 Aug 2020,40000
2020,President,polls-plus,8/13/2020,Trump,Biden,"",.00085,0,,54,15:19:03 13 Aug 2020,40000
2020,President,polls-plus,8/13/2020,Trump,Biden,"",0,.00005,,538,15:19:03 13 Aug 2020,40000
2020,President,polls-plus,8/13/2020,Trump,Biden,"",0,.00025,,537,15:19:03 13 Aug 2020,40000
2020,President,polls-plus,8/13/2020,Trump,Biden,"",0,0,,536,15:19:03 13 Aug 2020,40000
2020,President,polls-plus,8/13/2020,Trump,Biden,"",0,0,,535,15:19:03 13 Aug 2020,40000
2020,President,polls-plus,8/13/2020,Trump,Biden,"",0,.00085,,534,15:19:03 13 Aug 2020,40000
2020,President,polls-plus,8/13/2020,Trump,Biden,"",0,.000075,,533,15:19:03 13 Aug 2020,40000
2020,President,polls-plus,8/13/2020,Trump,Biden,"",.00005,.000025,,532,15:19:03 13 Aug 2020,40000
2020,President,polls-plus,8/13/2020,Trump,Biden,"",0,.0001,,531,15:19:03 13 Aug 2020,40000
2020,President,polls-plus,8/13/2020,Trump,Biden,"",0,.000375,,530,15:19:03 13 Aug 2020,40000
2020,President,polls-plus,8/13/2020,Trump,Biden,"",.0006,0,,53,15:19:03 13 Aug 2020,40000
2020,President,polls-plus,8/13/2020,Trump,Biden,"",0,.000225,,529,15:19:03 13 Aug 2020,40000
2020,President,polls-plus,8/13/2020,Trump,Biden,"",0,.000175,,528,15:19:03 13 Aug 2020,40000
2020,President,polls-plus,8/13/2020,Trump,Biden,"",0,.000275,,527,15:19:03 13 Aug 2020,40000
2020,President,polls-plus,8/13/2020,Trump,Biden,"",0,.000075,,526,15:19:03 13 Aug 2020,40000
2020,President,polls-plus,8/13/2020,Trump,Biden,"",.00005,.00025,,525,15:19:03 13 Aug 2020,40000
2020,President,polls-plus,8/13/2020,Trump,Biden,"",0,.000175,,524,15:19:03 13 Aug 2020,40000
2020,President,polls-plus,8/13/2020,Trump,Biden,"",0,.0002,,523,15:19:03 13 Aug 2020,40000
2020,President,polls-plus,8/13/2020,Trump,Biden,"",.00005,.0004,,522,15:19:03 13 Aug 2020,40000
2020,President,polls-plus,8/13/2020,Trump,Biden,"",0,.000075,,521,15:19:03 13 Aug 2020,40000
2020,President,polls-plus,8/13/2020,Trump,Biden,"",0,.000175,,520,15:19:03 13 Aug 2020,40000
2020,President,polls-plus,8/13/2020,Trump,Biden,"",.0012,.00005,,52,15:19:03 13 Aug 2020,40000
2020,President,polls-plus,8/13/2020,Trump,Biden,"",.000025,.000275,,519,15:19:03 13 Aug 2020,40000
2020,President,polls-plus,8/13/2020,Trump,Biden,"",0,.00055,,518,15:19:03 13 Aug 2020,40000
2020,President,polls-plus,8/13/2020,Trump,Biden,"",0,.0001,,517,15:19:03 13 Aug 2020,40000
2020,President,polls-plus,8/13/2020,Trump,Biden,"",0,.0005,,516,15:19:03 13 Aug 2020,40000
2020,President,polls-plus,8/13/2020,Trump,Biden,"",0,.000175,,515,15:19:03 13 Aug 2020,40000
2020,President,polls-plus,8/13/2020,Trump,Biden,"",0,.0002,,514,15:19:03 13 Aug 2020,40000
2020,President,polls-plus,8/13/2020,Trump,Biden,"",0,.00055,,513,15:19:03 13 Aug 2020,40000
2020,President,polls-plus,8/13/2020,Trump,Biden,"",0,.0004,,512,15:19:03 13 Aug 2020,40000
2020,President,polls-plus,8/13/2020,Trump,Biden,"",.000025,.000275,,511,15:19:03 13 Aug 2020,40000
2020,President,polls-plus,8/13/2020,Trump,Biden,"",0,.000425,,510,15:19:03 13 Aug 2020,40000
2020,President,polls-plus,8/13/2020,Trump,Biden,"",.00105,0,,51,15:19:03 13 Aug 2020,40000
2020,President,polls-plus,8/13/2020,Trump,Biden,"",0,.000725,,509,15:19:03 13 Aug 2020,40000
2020,President,polls-plus,8/13/2020,Trump,Biden,"",.000025,.00025,,508,15:19:03 13 Aug 2020,40000
2020,President,polls-plus,8/13/2020,Trump,Biden,"",.000025,.0004,,507,15:19:03 13 Aug 2020,40000
2020,President,polls-plus,8/13/2020,Trump,Biden,"",.000025,.000625,,506,15:19:03 13 Aug 2020,40000
2020,President,polls-plus,8/13/2020,Trump,Biden,"",0,.000425,,505,15:19:03 13 Aug 2020,40000
2020,President,polls-plus,8/13/2020,Trump,Biden,"",.00005,.0008,,504,15:19:03 13 Aug 2020,40000
2020,President,polls-plus,8/13/2020,Trump,Biden,"",.000025,.00055,,503,15:19:03 13 Aug 2020,40000
2020,President,polls-plus,8/13/2020,Trump,Biden,"",0,.000225,,502,15:19:03 13 Aug 2020,40000
2020,President,polls-plus,8/13/2020,Trump,Biden,"",0,.000575,,501,15:19:03 13 Aug 2020,40000
2020,President,polls-plus,8/13/2020,Trump,Biden,"",0,.000575,,500,15:19:03 13 Aug 2020,40000
2020,President,polls-plus,8/13/2020,Trump,Biden,"",.00045,0,,50,15:19:03 13 Aug 2020,40000
2020,President,polls-plus,8/13/2020,Trump,Biden,"",.000075,0,,5,15:19:03 13 Aug 2020,40000
2020,President,polls-plus,8/13/2020,Trump,Biden,"",.000025,.0004,,499,15:19:03 13 Aug 2020,40000
2020,President,polls-plus,8/13/2020,Trump,Biden,"",.000025,.0008,,498,15:19:03 13 Aug 2020,40000
2020,President,polls-plus,8/13/2020,Trump,Biden,"",.000025,.000325,,497,15:19:03 13 Aug 2020,40000
2020,President,polls-plus,8/13/2020,Trump,Biden,"",0,.000775,,496,15:19:03 13 Aug 2020,40000
2020,President,polls-plus,8/13/2020,Trump,Biden,"",0,.00115,,495,15:19:03 13 Aug 2020,40000
2020,President,polls-plus,8/13/2020,Trump,Biden,"",0,.00055,,494,15:19:03 13 Aug 2020,40000
2020,President,polls-plus,8/13/2020,Trump,Biden,"",0,.000975,,493,15:19:03 13 Aug 2020,40000
2020,President,polls-plus,8/13/2020,Trump,Biden,"",0,.00095,,492,15:19:03 13 Aug 2020,40000
2020,President,polls-plus,8/13/2020,Trump,Biden,"",0,.0004,,491,15:19:03 13 Aug 2020,40000
2020,President,polls-plus,8/13/2020,Trump,Biden,"",.000025,.0008,,490,15:19:03 13 Aug 2020,40000
2020,President,polls-plus,8/13/2020,Trump,Biden,"",.00095,0,,49,15:19:03 13 Aug 2020,40000
2020,President,polls-plus,8/13/2020,Trump,Biden,"",0,.00095,,489,15:19:03 13 Aug 2020,40000
2020,President,polls-plus,8/13/2020,Trump,Biden,"",0,.00045,,488,15:19:03 13 Aug 2020,40000
2020,President,polls-plus,8/13/2020,Trump,Biden,"",0,.00105,,487,15:19:03 13 Aug 2020,40000
2020,President,polls-plus,8/13/2020,Trump,Biden,"",.00005,.0012,,486,15:19:03 13 Aug 2020,40000
2020,President,polls-plus,8/13/2020,Trump,Biden,"",0,.0006,,485,15:19:03 13 Aug 2020,40000
2020,President,polls-plus,8/13/2020,Trump,Biden,"",0,.00085,,484,15:19:03 13 Aug 2020,40000
2020,President,polls-plus,8/13/2020,Trump,Biden,"",0,.00105,,483,15:19:03 13 Aug 2020,40000
2020,President,polls-plus,8/13/2020,Trump,Biden,"",.000025,.000725,,482,15:19:03 13 Aug 2020,40000
2020,President,polls-plus,8/13/2020,Trump,Biden,"",.000025,.000775,,481,15:19:03 13 Aug 2020,40000
2020,President,polls-plus,8/13/2020,Trump,Biden,"",0,.00065,,480,15:19:03 13 Aug 2020,40000
2020,President,polls-plus,8/13/2020,Trump,Biden,"",.0008,.000025,,48,15:19:03 13 Aug 2020,40000
2020,President,polls-plus,8/13/2020,Trump,Biden,"",.000025,.001125,,479,15:19:03 13 Aug 2020,40000
2020,President,polls-plus,8/13/2020,Trump,Biden,"",.000025,.001025,,478,15:19:03 13 Aug 2020,40000
2020,President,polls-plus,8/13/2020,Trump,Biden,"",.000025,.000825,,477,15:19:03 13 Aug 2020,40000
2020,President,polls-plus,8/13/2020,Trump,Biden,"",.000025,.000925,,476,15:19:03 13 Aug 2020,40000
2020,President,polls-plus,8/13/2020,Trump,Biden,"",.00005,.00145,,475,15:19:03 13 Aug 2020,40000
2020,President,polls-plus,8/13/2020,Trump,Biden,"",.000025,.000825,,474,15:19:03 13 Aug 2020,40000
2020,President,polls-plus,8/13/2020,Trump,Biden,"",.00005,.0011,,473,15:19:03 13 Aug 2020,40000
2020,President,polls-plus,8/13/2020,Trump,Biden,"",.000025,.001125,,472,15:19:03 13 Aug 2020,40000
2020,President,polls-plus,8/13/2020,Trump,Biden,"",.000025,.000525,,471,15:19:03 13 Aug 2020,40000
2020,President,polls-plus,8/13/2020,Trump,Biden,"",.00005,.000725,,470,15:19:03 13 Aug 2020,40000
2020,President,polls-plus,8/13/2020,Trump,Biden,"",.0004,0,,47,15:19:03 13 Aug 2020,40000
2020,President,polls-plus,8/13/2020,Trump,Biden,"",0,.0013,,469,15:19:03 13 Aug 2020,40000
2020,President,polls-plus,8/13/2020,Trump,Biden,"",0,.001275,,468,15:19:03 13 Aug 2020,40000
2020,President,polls-plus,8/13/2020,Trump,Biden,"",0,.0011,,467,15:19:03 13 Aug 2020,40000
2020,President,polls-plus,8/13/2020,Trump,Biden,"",.000075,.001025,,466,15:19:03 13 Aug 2020,40000
2020,President,polls-plus,8/13/2020,Trump,Biden,"",0,.000875,,465,15:19:03 13 Aug 2020,40000
2020,President,polls-plus,8/13/2020,Trump,Biden,"",.000025,.001375,,464,15:19:03 13 Aug 2020,40000
2020,President,polls-plus,8/13/2020,Trump,Biden,"",.00005,.001375,,463,15:19:03 13 Aug 2020,40000
2020,President,polls-plus,8/13/2020,Trump,Biden,"",.000025,.001725,,462,15:19:03 13 Aug 2020,40000
2020,President,polls-plus,8/13/2020,Trump,Biden,"",0,.0018,,461,15:19:03 13 Aug 2020,40000
2020,President,polls-plus,8/13/2020,Trump,Biden,"",0,.000725,,460,15:19:03 13 Aug 2020,40000
2020,President,polls-plus,8/13/2020,Trump,Biden,"",.00095,0,,46,15:19:03 13 Aug 2020,40000
2020,President,polls-plus,8/13/2020,Trump,Biden,"",0,.000925,,459,15:19:03 13 Aug 2020,40000
2020,President,polls-plus,8/13/2020,Trump,Biden,"",.000025,.00175,,458,15:19:03 13 Aug 2020,40000
2020,President,polls-plus,8/13/2020,Trump,Biden,"",0,.001,,457,15:19:03 13 Aug 2020,40000
2020,President,polls-plus,8/13/2020,Trump,Biden,"",0,.00185,,456,15:19:03 13 Aug 2020,40000
2020,President,polls-plus,8/13/2020,Trump,Biden,"",.000025,.00195,,455,15:19:03 13 Aug 2020,40000
2020,President,polls-plus,8/13/2020,Trump,Biden,"",0,.00085,,454,15:19:03 13 Aug 2020,40000
2020,President,polls-plus,8/13/2020,Trump,Biden,"",0,.0015,,453,15:19:03 13 Aug 2020,40000
2020,President,polls-plus,8/13/2020,Trump,Biden,"",.000125,.002225,,452,15:19:03 13 Aug 2020,40000
2020,President,polls-plus,8/13/2020,Trump,Biden,"",.000175,.001175,,451,15:19:03 13 Aug 2020,40000
2020,President,polls-plus,8/13/2020,Trump,Biden,"",.000025,.002275,,450,15:19:03 13 Aug 2020,40000
2020,President,polls-plus,8/13/2020,Trump,Biden,"",.000975,0,,45,15:19:03 13 Aug 2020,40000
2020,President,polls-plus,8/13/2020,Trump,Biden,"",.000025,.00185,,449,15:19:03 13 Aug 2020,40000
2020,President,polls-plus,8/13/2020,Trump,Biden,"",.00015,.001125,,448,15:19:03 13 Aug 2020,40000
2020,President,polls-plus,8/13/2020,Trump,Biden,"",.000075,.001875,,447,15:19:03 13 Aug 2020,40000
2020,President,polls-plus,8/13/2020,Trump,Biden,"",.000025,.002225,,446,15:19:03 13 Aug 2020,40000
2020,President,polls-plus,8/13/2020,Trump,Biden,"",.00005,.001625,,445,15:19:03 13 Aug 2020,40000
2020,President,polls-plus,8/13/2020,Trump,Biden,"",.00005,.00345,,444,15:19:03 13 Aug 2020,40000
2020,President,polls-plus,8/13/2020,Trump,Biden,"",.00005,.001075,,443,15:19:03 13 Aug 2020,40000
2020,President,polls-plus,8/13/2020,Trump,Biden,"",0,.0017,,442,15:19:03 13 Aug 2020,40000
2020,President,polls-plus,8/13/2020,Trump,Biden,"",.000075,.0031,,441,15:19:03 13 Aug 2020,40000
2020,President,polls-plus,8/13/2020,Trump,Biden,"",.000075,.00195,,440,15:19:03 13 Aug 2020,40000
2020,President,polls-plus,8/13/2020,Trump,Biden,"",.00055,0,,44,15:19:03 13 Aug 2020,40000
2020,President,polls-plus,8/13/2020,Trump,Biden,"",.00005,.0014,,439,15:19:03 13 Aug 2020,40000
2020,President,polls-plus,8/13/2020,Trump,Biden,"",.000025,.003825,,438,15:19:03 13 Aug 2020,40000
2020,President,polls-plus,8/13/2020,Trump,Biden,"",.0001,.00115,,437,15:19:03 13 Aug 2020,40000
2020,President,polls-plus,8/13/2020,Trump,Biden,"",.000025,.0026,,436,15:19:03 13 Aug 2020,40000
2020,President,polls-plus,8/13/2020,Trump,Biden,"",.0001,.005675,,435,15:19:03 13 Aug 2020,40000
2020,President,polls-plus,8/13/2020,Trump,Biden,"",.000075,.001675,,434,15:19:03 13 Aug 2020,40000
2020,President,polls-plus,8/13/2020,Trump,Biden,"",.000075,.001825,,433,15:19:03 13 Aug 2020,40000
2020,President,polls-plus,8/13/2020,Trump,Biden,"",0,.003625,,432,15:19:03 13 Aug 2020,40000
2020,President,polls-plus,8/13/2020,Trump,Biden,"",.000025,.00255,,431,15:19:03 13 Aug 2020,40000
2020,President,polls-plus,8/13/2020,Trump,Biden,"",.000125,.0019,,430,15:19:03 13 Aug 2020,40000
2020,President,polls-plus,8/13/2020,Trump,Biden,"",.00115,0,,43,15:19:03 13 Aug 2020,40000
2020,President,polls-plus,8/13/2020,Trump,Biden,"",0,.00395,,429,15:19:03 13 Aug 2020,40000
2020,President,polls-plus,8/13/2020,Trump,Biden,"",.0001,.00365,,428,15:19:03 13 Aug 2020,40000
2020,President,polls-plus,8/13/2020,Trump,Biden,"",.000075,.0025,,427,15:19:03 13 Aug 2020,40000
2020,President,polls-plus,8/13/2020,Trump,Biden,"",0,.00435,,426,15:19:03 13 Aug 2020,40000
2020,President,polls-plus,8/13/2020,Trump,Biden,"",.00005,.00505,,425,15:19:03 13 Aug 2020,40000
2020,President,polls-plus,8/13/2020,Trump,Biden,"",.00015,.002225,,424,15:19:03 13 Aug 2020,40000
2020,President,polls-plus,8/13/2020,Trump,Biden,"",.000125,.004,,423,15:19:03 13 Aug 2020,40000
2020,President,polls-plus,8/13/2020,Trump,Biden,"",.000075,.007175,,422,15:19:03 13 Aug 2020,40000
2020,President,polls-plus,8/13/2020,Trump,Biden,"",.0001,.003475,,421,15:19:03 13 Aug 2020,40000
2020,President,polls-plus,8/13/2020,Trump,Biden,"",.000325,.001875,,420,15:19:03 13 Aug 2020,40000
2020,President,polls-plus,8/13/2020,Trump,Biden,"",.000775,0,,42,15:19:03 13 Aug 2020,40000
2020,President,polls-plus,8/13/2020,Trump,Biden,"",.0001,.006325,,419,15:19:03 13 Aug 2020,40000
2020,President,polls-plus,8/13/2020,Trump,Biden,"",.000075,.0023,,418,15:19:03 13 Aug 2020,40000
2020,President,polls-plus,8/13/2020,Trump,Biden,"",.000075,.001125,,417,15:19:03 13 Aug 2020,40000
2020,President,polls-plus,8/13/2020,Trump,Biden,"",.000025,.011825,,416,15:19:03 13 Aug 2020,40000
2020,President,polls-plus,8/13/2020,Trump,Biden,"",0,.00445,,415,15:19:03 13 Aug 2020,40000
2020,President,polls-plus,8/13/2020,Trump,Biden,"",.00015,.001675,,414,15:19:03 13 Aug 2020,40000
2020,President,polls-plus,8/13/2020,Trump,Biden,"",.000125,.023075,,413,15:19:03 13 Aug 2020,40000
2020,President,polls-plus,8/13/2020,Trump,Biden,"",.0001,.011525,,412,15:19:03 13 Aug 2020,40000
2020,President,polls-plus,8/13/2020,Trump,Biden,"",.00015,.001125,,411,15:19:03 13 Aug 2020,40000
2020,President,polls-plus,8/13/2020,Trump,Biden,"",.00005,.001975,,410,15:19:03 13 Aug 2020,40000
2020,President,polls-plus,8/13/2020,Trump,Biden,"",.000325,.000025,,41,15:19:03 13 Aug 2020,40000
2020,President,polls-plus,8/13/2020,Trump,Biden,"",.0001,.002275,,409,15:19:03 13 Aug 2020,40000
2020,President,polls-plus,8/13/2020,Trump,Biden,"",.000425,.000975,,408,15:19:03 13 Aug 2020,40000
2020,President,polls-plus,8/13/2020,Trump,Biden,"",.00015,.004475,,407,15:19:03 13 Aug 2020,40000
2020,President,polls-plus,8/13/2020,Trump,Biden,"",.000175,.009725,,406,15:19:03 13 Aug 2020,40000
2020,President,polls-plus,8/13/2020,Trump,Biden,"",.000075,.0019,,405,15:19:03 13 Aug 2020,40000
2020,President,polls-plus,8/13/2020,Trump,Biden,"",.0002,.001275,,404,15:19:03 13 Aug 2020,40000
2020,President,polls-plus,8/13/2020,Trump,Biden,"",.0002,.00185,,403,15:19:03 13 Aug 2020,40000
2020,President,polls-plus,8/13/2020,Trump,Biden,"",.00005,.001475,,402,15:19:03 13 Aug 2020,40000
2020,President,polls-plus,8/13/2020,Trump,Biden,"",.0002,.0013,,401,15:19:03 13 Aug 2020,40000
2020,President,polls-plus,8/13/2020,Trump,Biden,"",.0005,.00365,,400,15:19:03 13 Aug 2020,40000
2020,President,polls-plus,8/13/2020,Trump,Biden,"",.0008,.000025,,40,15:19:03 13 Aug 2020,40000
2020,President,polls-plus,8/13/2020,Trump,Biden,"",.00085,0,,4,15:19:03 13 Aug 2020,40000
2020,President,polls-plus,8/13/2020,Trump,Biden,"",.0002,.0015,,399,15:19:03 13 Aug 2020,40000
2020,President,polls-plus,8/13/2020,Trump,Biden,"",.000125,.001,,398,15:19:03 13 Aug 2020,40000
2020,President,polls-plus,8/13/2020,Trump,Biden,"",.000125,.006025,,397,15:19:03 13 Aug 2020,40000
2020,President,polls-plus,8/13/2020,Trump,Biden,"",.00015,.00325,,396,15:19:03 13 Aug 2020,40000
2020,President,polls-plus,8/13/2020,Trump,Biden,"",.0002,.00155,,395,15:19:03 13 Aug 2020,40000
2020,President,polls-plus,8/13/2020,Trump,Biden,"",.000125,.00215,,394,15:19:03 13 Aug 2020,40000
2020,President,polls-plus,8/13/2020,Trump,Biden,"",.000175,.001125,,393,15:19:03 13 Aug 2020,40000
2020,President,polls-plus,8/13/2020,Trump,Biden,"",.00015,.000925,,392,15:19:03 13 Aug 2020,40000
2020,President,polls-plus,8/13/2020,Trump,Biden,"",.00005,.003625,,391,15:19:03 13 Aug 2020,40000
2020,President,polls-plus,8/13/2020,Trump,Biden,"",.00015,.004675,,390,15:19:03 13 Aug 2020,40000
2020,President,polls-plus,8/13/2020,Trump,Biden,"",.0004,.000025,,39,15:19:03 13 Aug 2020,40000
2020,President,polls-plus,8/13/2020,Trump,Biden,"",.0003,.00195,,389,15:19:03 13 Aug 2020,40000
2020,President,polls-plus,8/13/2020,Trump,Biden,"",.00105,.0038,,388,15:19:03 13 Aug 2020,40000
2020,President,polls-plus,8/13/2020,Trump,Biden,"",.00055,.0016,,387,15:19:03 13 Aug 2020,40000
2020,President,polls-plus,8/13/2020,Trump,Biden,"",.00015,.00135,,386,15:19:03 13 Aug 2020,40000
2020,President,polls-plus,8/13/2020,Trump,Biden,"",.000125,.001675,,385,15:19:03 13 Aug 2020,40000
2020,President,polls-plus,8/13/2020,Trump,Biden,"",.000975,.00215,,384,15:19:03 13 Aug 2020,40000
2020,President,polls-plus,8/13/2020,Trump,Biden,"",.00085,.001325,,383,15:19:03 13 Aug 2020,40000
2020,President,polls-plus,8/13/2020,Trump,Biden,"",.000425,.001975,,382,15:19:03 13 Aug 2020,40000
2020,President,polls-plus,8/13/2020,Trump,Biden,"",.00055,.00305,,381,15:19:03 13 Aug 2020,40000
2020,President,polls-plus,8/13/2020,Trump,Biden,"",.000625,.00165,,380,15:19:03 13 Aug 2020,40000
2020,President,polls-plus,8/13/2020,Trump,Biden,"",.000575,0,,38,15:19:03 13 Aug 2020,40000
2020,President,polls-plus,8/13/2020,Trump,Biden,"",.000575,.001625,,379,15:19:03 13 Aug 2020,40000
2020,President,polls-plus,8/13/2020,Trump,Biden,"",.000475,.003675,,378,15:19:03 13 Aug 2020,40000
2020,President,polls-plus,8/13/2020,Trump,Biden,"",.001275,.00215,,377,15:19:03 13 Aug 2020,40000
2020,President,polls-plus,8/13/2020,Trump,Biden,"",.00105,.001475,,376,15:19:03 13 Aug 2020,40000
2020,President,polls-plus,8/13/2020,Trump,Biden,"",.000675,.01085,,375,15:19:03 13 Aug 2020,40000
2020,President,polls-plus,8/13/2020,Trump,Biden,"",.000875,.00625,,374,15:19:03 13 Aug 2020,40000
2020,President,polls-plus,8/13/2020,Trump,Biden,"",.00055,.002075,,373,15:19:03 13 Aug 2020,40000
2020,President,polls-plus,8/13/2020,Trump,Biden,"",.0005,.0035,,372,15:19:03 13 Aug 2020,40000
2020,President,polls-plus,8/13/2020,Trump,Biden,"",.000725,.002425,,371,15:19:03 13 Aug 2020,40000
2020,President,polls-plus,8/13/2020,Trump,Biden,"",.0013,.001525,,370,15:19:03 13 Aug 2020,40000
2020,President,polls-plus,8/13/2020,Trump,Biden,"",.000575,0,,37,15:19:03 13 Aug 2020,40000
2020,President,polls-plus,8/13/2020,Trump,Biden,"",.0014,.0044,,369,15:19:03 13 Aug 2020,40000
2020,President,polls-plus,8/13/2020,Trump,Biden,"",.000325,.0085,,368,15:19:03 13 Aug 2020,40000
2020,President,polls-plus,8/13/2020,Trump,Biden,"",.001075,.0024,,367,15:19:03 13 Aug 2020,40000
2020,President,polls-plus,8/13/2020,Trump,Biden,"",.000775,.00155,,366,15:19:03 13 Aug 2020,40000
2020,President,polls-plus,8/13/2020,Trump,Biden,"",.000425,.002125,,365,15:19:03 13 Aug 2020,40000
2020,President,polls-plus,8/13/2020,Trump,Biden,"",.000525,.003175,,364,15:19:03 13 Aug 2020,40000
2020,President,polls-plus,8/13/2020,Trump,Biden,"",.004675,.0016,,363,15:19:03 13 Aug 2020,40000
2020,President,polls-plus,8/13/2020,Trump,Biden,"",.0064,.004125,,362,15:19:03 13 Aug 2020,40000
2020,President,polls-plus,8/13/2020,Trump,Biden,"",.000625,.0021,,361,15:19:03 13 Aug 2020,40000
2020,President,polls-plus,8/13/2020,Trump,Biden,"",.000575,.0018,,360,15:19:03 13 Aug 2020,40000
2020,President,polls-plus,8/13/2020,Trump,Biden,"",.000225,0,,36,15:19:03 13 Aug 2020,40000
2020,President,polls-plus,8/13/2020,Trump,Biden,"",.000625,.010075,,359,15:19:03 13 Aug 2020,40000
2020,President,polls-plus,8/13/2020,Trump,Biden,"",.00145,.0063,,358,15:19:03 13 Aug 2020,40000
2020,President,polls-plus,8/13/2020,Trump,Biden,"",.001825,.004225,,357,15:19:03 13 Aug 2020,40000
2020,President,polls-plus,8/13/2020,Trump,Biden,"",.00225,.0034,,356,15:19:03 13 Aug 2020,40000
2020,President,polls-plus,8/13/2020,Trump,Biden,"",.006025,.00205,,355,15:19:03 13 Aug 2020,40000
2020,President,polls-plus,8/13/2020,Trump,Biden,"",.00055,.0016,,354,15:19:03 13 Aug 2020,40000
2020,President,polls-plus,8/13/2020,Trump,Biden,"",.001475,.008725,,353,15:19:03 13 Aug 2020,40000
2020,President,polls-plus,8/13/2020,Trump,Biden,"",.0007,.011675,,352,15:19:03 13 Aug 2020,40000
2020,President,polls-plus,8/13/2020,Trump,Biden,"",.00145,.003725,,351,15:19:03 13 Aug 2020,40000
2020,President,polls-plus,8/13/2020,Trump,Biden,"",.004975,.005225,,350,15:19:03 13 Aug 2020,40000
2020,President,polls-plus,8/13/2020,Trump,Biden,"",.00055,.000025,,35,15:19:03 13 Aug 2020,40000
2020,President,polls-plus,8/13/2020,Trump,Biden,"",.00495,.002525,,349,15:19:03 13 Aug 2020,40000
2020,President,polls-plus,8/13/2020,Trump,Biden,"",.001325,.00365,,348,15:19:03 13 Aug 2020,40000
2020,President,polls-plus,8/13/2020,Trump,Biden,"",.001225,.00275,,347,15:19:03 13 Aug 2020,40000
2020,President,polls-plus,8/13/2020,Trump,Biden,"",.001325,.0022,,346,15:19:03 13 Aug 2020,40000
2020,President,polls-plus,8/13/2020,Trump,Biden,"",.001725,.0017,,345,15:19:03 13 Aug 2020,40000
2020,President,polls-plus,8/13/2020,Trump,Biden,"",.003575,.004125,,344,15:19:03 13 Aug 2020,40000
2020,President,polls-plus,8/13/2020,Trump,Biden,"",.00125,.003525,,343,15:19:03 13 Aug 2020,40000
2020,President,polls-plus,8/13/2020,Trump,Biden,"",.00545,.004825,,342,15:19:03 13 Aug 2020,40000
2020,President,polls-plus,8/13/2020,Trump,Biden,"",.002475,.006225,,341,15:19:03 13 Aug 2020,40000
2020,President,polls-plus,8/13/2020,Trump,Biden,"",.002225,.003125,,340,15:19:03 13 Aug 2020,40000
2020,President,polls-plus,8/13/2020,Trump,Biden,"",.0008,.00005,,34,15:19:03 13 Aug 2020,40000
2020,President,polls-plus,8/13/2020,Trump,Biden,"",.0017,.002325,,339,15:19:03 13 Aug 2020,40000
2020,President,polls-plus,8/13/2020,Trump,Biden,"",.002075,.004825,,338,15:19:03 13 Aug 2020,40000
2020,President,polls-plus,8/13/2020,Trump,Biden,"",.008425,.0091,,337,15:19:03 13 Aug 2020,40000
2020,President,polls-plus,8/13/2020,Trump,Biden,"",.00115,.0031,,336,15:19:03 13 Aug 2020,40000
2020,President,polls-plus,8/13/2020,Trump,Biden,"",.004,.004175,,335,15:19:03 13 Aug 2020,40000
2020,President,polls-plus,8/13/2020,Trump,Biden,"",.00115,.009225,,334,15:19:03 13 Aug 2020,40000
2020,President,polls-plus,8/13/2020,Trump,Biden,"",.003875,.0054,,333,15:19:03 13 Aug 2020,40000
2020,President,polls-plus,8/13/2020,Trump,Biden,"",.0013,.001625,,332,15:19:03 13 Aug 2020,40000
2020,President,polls-plus,8/13/2020,Trump,Biden,"",.002925,.001025,,331,15:19:03 13 Aug 2020,40000
2020,President,polls-plus,8/13/2020,Trump,Biden,"",.001075,.00215,,330,15:19:03 13 Aug 2020,40000
2020,President,polls-plus,8/13/2020,Trump,Biden,"",.000425,0,,33,15:19:03 13 Aug 2020,40000
2020,President,polls-plus,8/13/2020,Trump,Biden,"",.00155,.002175,,329,15:19:03 13 Aug 2020,40000
2020,President,polls-plus,8/13/2020,Trump,Biden,"",.0099,.001625,,328,15:19:03 13 Aug 2020,40000
2020,President,polls-plus,8/13/2020,Trump,Biden,"",.001775,.0029,,327,15:19:03 13 Aug 2020,40000
2020,President,polls-plus,8/13/2020,Trump,Biden,"",.00415,.0047,,326,15:19:03 13 Aug 2020,40000
2020,President,polls-plus,8/13/2020,Trump,Biden,"",.001575,.002775,,325,15:19:03 13 Aug 2020,40000
2020,President,polls-plus,8/13/2020,Trump,Biden,"",.0018,.0036,,324,15:19:03 13 Aug 2020,40000
2020,President,polls-plus,8/13/2020,Trump,Biden,"",.001325,.0081,,323,15:19:03 13 Aug 2020,40000
2020,President,polls-plus,8/13/2020,Trump,Biden,"",.006625,.005875,,322,15:19:03 13 Aug 2020,40000
2020,President,polls-plus,8/13/2020,Trump,Biden,"",.002475,.0017,,321,15:19:03 13 Aug 2020,40000
2020,President,polls-plus,8/13/2020,Trump,Biden,"",.002175,.00345,,320,15:19:03 13 Aug 2020,40000
2020,President,polls-plus,8/13/2020,Trump,Biden,"",.000625,.000025,,32,15:19:03 13 Aug 2020,40000
2020,President,polls-plus,8/13/2020,Trump,Biden,"",.002125,.0175,,319,15:19:03 13 Aug 2020,40000
2020,President,polls-plus,8/13/2020,Trump,Biden,"",.001625,.01195,,318,15:19:03 13 Aug 2020,40000
2020,President,polls-plus,8/13/2020,Trump,Biden,"",.002,.002325,,317,15:19:03 13 Aug 2020,40000
2020,President,polls-plus,8/13/2020,Trump,Biden,"",.002775,.002075,,316,15:19:03 13 Aug 2020,40000
2020,President,polls-plus,8/13/2020,Trump,Biden,"",.0024,.002675,,315,15:19:03 13 Aug 2020,40000
2020,President,polls-plus,8/13/2020,Trump,Biden,"",.00085,.003025,,314,15:19:03 13 Aug 2020,40000
2020,President,polls-plus,8/13/2020,Trump,Biden,"",.001375,.0034,,313,15:19:03 13 Aug 2020,40000
2020,President,polls-plus,8/13/2020,Trump,Biden,"",.00515,.0034,,312,15:19:03 13 Aug 2020,40000
2020,President,polls-plus,8/13/2020,Trump,Biden,"",.0026,.0016,,311,15:19:03 13 Aug 2020,40000
2020,President,polls-plus,8/13/2020,Trump,Biden,"",.004225,.001325,,310,15:19:03 13 Aug 2020,40000
2020,President,polls-plus,8/13/2020,Trump,Biden,"",.0004,.000025,,31,15:19:03 13 Aug 2020,40000
2020,President,polls-plus,8/13/2020,Trump,Biden,"",.00175,.0039,,309,15:19:03 13 Aug 2020,40000
2020,President,polls-plus,8/13/2020,Trump,Biden,"",.0019,.012825,,308,15:19:03 13 Aug 2020,40000
2020,President,polls-plus,8/13/2020,Trump,Biden,"",.001175,.00895,,307,15:19:03 13 Aug 2020,40000
2020,President,polls-plus,8/13/2020,Trump,Biden,"",.0057,.001925,,306,15:19:03 13 Aug 2020,40000
2020,President,polls-plus,8/13/2020,Trump,Biden,"",.0016,.0018,,305,15:19:03 13 Aug 2020,40000
2020,President,polls-plus,8/13/2020,Trump,Biden,"",.003125,.003475,,304,15:19:03 13 Aug 2020,40000
2020,President,polls-plus,8/13/2020,Trump,Biden,"",.00095,.003075,,303,15:19:03 13 Aug 2020,40000
2020,President,polls-plus,8/13/2020,Trump,Biden,"",.0027,.0032,,302,15:19:03 13 Aug 2020,40000
2020,President,polls-plus,8/13/2020,Trump,Biden,"",.001475,.002075,,301,15:19:03 13 Aug 2020,40000
2020,President,polls-plus,8/13/2020,Trump,Biden,"",.004375,.00145,,300,15:19:03 13 Aug 2020,40000
2020,President,polls-plus,8/13/2020,Trump,Biden,"",.00025,.000025,,30,15:19:03 13 Aug 2020,40000
2020,President,polls-plus,8/13/2020,Trump,Biden,"",0,0,,3,15:19:03 13 Aug 2020,40000
2020,President,polls-plus,8/13/2020,Trump,Biden,"",.0023,.001825,,299,15:19:03 13 Aug 2020,40000
2020,President,polls-plus,8/13/2020,Trump,Biden,"",.0012,.0045,,298,15:19:03 13 Aug 2020,40000
2020,President,polls-plus,8/13/2020,Trump,Biden,"",.00115,.0057,,297,15:19:03 13 Aug 2020,40000
2020,President,polls-plus,8/13/2020,Trump,Biden,"",.004825,.00215,,296,15:19:03 13 Aug 2020,40000
2020,President,polls-plus,8/13/2020,Trump,Biden,"",.00305,.001975,,295,15:19:03 13 Aug 2020,40000
2020,President,polls-plus,8/13/2020,Trump,Biden,"",.00285,.00435,,294,15:19:03 13 Aug 2020,40000
2020,President,polls-plus,8/13/2020,Trump,Biden,"",.0024,.00385,,293,15:19:03 13 Aug 2020,40000
2020,President,polls-plus,8/13/2020,Trump,Biden,"",.0022,.003,,292,15:19:03 13 Aug 2020,40000
2020,President,polls-plus,8/13/2020,Trump,Biden,"",.001775,.0025,,291,15:19:03 13 Aug 2020,40000
2020,President,polls-plus,8/13/2020,Trump,Biden,"",.00415,.003625,,290,15:19:03 13 Aug 2020,40000
2020,President,polls-plus,8/13/2020,Trump,Biden,"",.000725,0,,29,15:19:03 13 Aug 2020,40000
2020,President,polls-plus,8/13/2020,Trump,Biden,"",.001975,.00375,,289,15:19:03 13 Aug 2020,40000
2020,President,polls-plus,8/13/2020,Trump,Biden,"",.001175,.00255,,288,15:19:03 13 Aug 2020,40000
2020,President,polls-plus,8/13/2020,Trump,Biden,"",.00105,.00285,,287,15:19:03 13 Aug 2020,40000
2020,President,polls-plus,8/13/2020,Trump,Biden,"",.004725,.0015,,286,15:19:03 13 Aug 2020,40000
2020,President,polls-plus,8/13/2020,Trump,Biden,"",.002575,.002175,,285,15:19:03 13 Aug 2020,40000
2020,President,polls-plus,8/13/2020,Trump,Biden,"",.00255,.001975,,284,15:19:03 13 Aug 2020,40000
2020,President,polls-plus,8/13/2020,Trump,Biden,"",.001875,.00265,,283,15:19:03 13 Aug 2020,40000
2020,President,polls-plus,8/13/2020,Trump,Biden,"",.002475,.003275,,282,15:19:03 13 Aug 2020,40000
2020,President,polls-plus,8/13/2020,Trump,Biden,"",.001625,.0018,,281,15:19:03 13 Aug 2020,40000
2020,President,polls-plus,8/13/2020,Trump,Biden,"",.005075,.002375,,280,15:19:03 13 Aug 2020,40000
2020,President,polls-plus,8/13/2020,Trump,Biden,"",.000425,0,,28,15:19:03 13 Aug 2020,40000
2020,President,polls-plus,8/13/2020,Trump,Biden,"",.003075,.0097,,279,15:19:03 13 Aug 2020,40000
2020,President,polls-plus,8/13/2020,Trump,Biden,"",.0014,.011675,,278,15:19:03 13 Aug 2020,40000
2020,President,polls-plus,8/13/2020,Trump,Biden,"",.0019,.002075,,277,15:19:03 13 Aug 2020,40000
2020,President,polls-plus,8/13/2020,Trump,Biden,"",.003825,.00135,,276,15:19:03 13 Aug 2020,40000
2020,President,polls-plus,8/13/2020,Trump,Biden,"",.00305,.001825,,275,15:19:03 13 Aug 2020,40000
2020,President,polls-plus,8/13/2020,Trump,Biden,"",.00205,.0032,,274,15:19:03 13 Aug 2020,40000
2020,President,polls-plus,8/13/2020,Trump,Biden,"",.00235,.005075,,273,15:19:03 13 Aug 2020,40000
2020,President,polls-plus,8/13/2020,Trump,Biden,"",.001375,.00525,,272,15:19:03 13 Aug 2020,40000
2020,President,polls-plus,8/13/2020,Trump,Biden,"",.001425,.00215,,271,15:19:03 13 Aug 2020,40000
2020,President,polls-plus,8/13/2020,Trump,Biden,"",.0058,.00145,,270,15:19:03 13 Aug 2020,40000
2020,President,polls-plus,8/13/2020,Trump,Biden,"",.000275,.000025,,27,15:19:03 13 Aug 2020,40000
2020,President,polls-plus,8/13/2020,Trump,Biden,"",.003125,.003125,,269,15:19:03 13 Aug 2020,40000
2020,President,polls-plus,8/13/2020,Trump,Biden,"",.00145,.0058,,268,15:19:03 13 Aug 2020,40000
2020,President,polls-plus,8/13/2020,Trump,Biden,"",.00215,.001425,,267,15:19:03 13 Aug 2020,40000
2020,President,polls-plus,8/13/2020,Trump,Biden,"",.00525,.001375,,266,15:19:03 13 Aug 2020,40000
2020,President,polls-plus,8/13/2020,Trump,Biden,"",.005075,.00235,,265,15:19:03 13 Aug 2020,40000
2020,President,polls-plus,8/13/2020,Trump,Biden,"",.0032,.00205,,264,15:19:03 13 Aug 2020,40000
2020,President,polls-plus,8/13/2020,Trump,Biden,"",.001825,.00305,,263,15:19:03 13 Aug 2020,40000
2020,President,polls-plus,8/13/2020,Trump,Biden,"",.00135,.003825,,262,15:19:03 13 Aug 2020,40000
2020,President,polls-plus,8/13/2020,Trump,Biden,"",.002075,.0019,,261,15:19:03 13 Aug 2020,40000
2020,President,polls-plus,8/13/2020,Trump,Biden,"",.011675,.0014,,260,15:19:03 13 Aug 2020,40000
2020,President,polls-plus,8/13/2020,Trump,Biden,"",.0004,0,,26,15:19:03 13 Aug 2020,40000
2020,President,polls-plus,8/13/2020,Trump,Biden,"",.0097,.003075,,259,15:19:03 13 Aug 2020,40000
2020,President,polls-plus,8/13/2020,Trump,Biden,"",.002375,.005075,,258,15:19:03 13 Aug 2020,40000
2020,President,polls-plus,8/13/2020,Trump,Biden,"",.0018,.001625,,257,15:19:03 13 Aug 2020,40000
2020,President,polls-plus,8/13/2020,Trump,Biden,"",.003275,.002475,,256,15:19:03 13 Aug 2020,40000
2020,President,polls-plus,8/13/2020,Trump,Biden,"",.00265,.001875,,255,15:19:03 13 Aug 2020,40000
2020,President,polls-plus,8/13/2020,Trump,Biden,"",.001975,.00255,,254,15:19:03 13 Aug 2020,40000
2020,President,polls-plus,8/13/2020,Trump,Biden,"",.002175,.002575,,253,15:19:03 13 Aug 2020,40000
2020,President,polls-plus,8/13/2020,Trump,Biden,"",.0015,.004725,,252,15:19:03 13 Aug 2020,40000
2020,President,polls-plus,8/13/2020,Trump,Biden,"",.00285,.00105,,251,15:19:03 13 Aug 2020,40000
2020,President,polls-plus,8/13/2020,Trump,Biden,"",.00255,.001175,,250,15:19:03 13 Aug 2020,40000
2020,President,polls-plus,8/13/2020,Trump,Biden,"",.00055,0,,25,15:19:03 13 Aug 2020,40000
2020,President,polls-plus,8/13/2020,Trump,Biden,"",.00375,.001975,,249,15:19:03 13 Aug 2020,40000
2020,President,polls-plus,8/13/2020,Trump,Biden,"",.003625,.00415,,248,15:19:03 13 Aug 2020,40000
2020,President,polls-plus,8/13/2020,Trump,Biden,"",.0025,.001775,,247,15:19:03 13 Aug 2020,40000
2020,President,polls-plus,8/13/2020,Trump,Biden,"",.003,.0022,,246,15:19:03 13 Aug 2020,40000
2020,President,polls-plus,8/13/2020,Trump,Biden,"",.00385,.0024,,245,15:19:03 13 Aug 2020,40000
2020,President,polls-plus,8/13/2020,Trump,Biden,"",.00435,.00285,,244,15:19:03 13 Aug 2020,40000
2020,President,polls-plus,8/13/2020,Trump,Biden,"",.001975,.00305,,243,15:19:03 13 Aug 2020,40000
2020,President,polls-plus,8/13/2020,Trump,Biden,"",.00215,.004825,,242,15:19:03 13 Aug 2020,40000
2020,President,polls-plus,8/13/2020,Trump,Biden,"",.0057,.00115,,241,15:19:03 13 Aug 2020,40000
2020,President,polls-plus,8/13/2020,Trump,Biden,"",.0045,.0012,,240,15:19:03 13 Aug 2020,40000
2020,President,polls-plus,8/13/2020,Trump,Biden,"",.0002,0,,24,15:19:03 13 Aug 2020,40000
2020,President,polls-plus,8/13/2020,Trump,Biden,"",.001825,.0023,,239,15:19:03 13 Aug 2020,40000
2020,President,polls-plus,8/13/2020,Trump,Biden,"",.00145,.004375,,238,15:19:03 13 Aug 2020,40000
2020,President,polls-plus,8/13/2020,Trump,Biden,"",.002075,.001475,,237,15:19:03 13 Aug 2020,40000
2020,President,polls-plus,8/13/2020,Trump,Biden,"",.0032,.0027,,236,15:19:03 13 Aug 2020,40000
2020,President,polls-plus,8/13/2020,Trump,Biden,"",.003075,.00095,,235,15:19:03 13 Aug 2020,40000
2020,President,polls-plus,8/13/2020,Trump,Biden,"",.003475,.003125,,234,15:19:03 13 Aug 2020,40000
2020,President,polls-plus,8/13/2020,Trump,Biden,"",.0018,.0016,,233,15:19:03 13 Aug 2020,40000
2020,President,polls-plus,8/13/2020,Trump,Biden,"",.001925,.0057,,232,15:19:03 13 Aug 2020,40000
2020,President,polls-plus,8/13/2020,Trump,Biden,"",.00895,.001175,,231,15:19:03 13 Aug 2020,40000
2020,President,polls-plus,8/13/2020,Trump,Biden,"",.012825,.0019,,230,15:19:03 13 Aug 2020,40000
2020,President,polls-plus,8/13/2020,Trump,Biden,"",.000175,0,,23,15:19:03 13 Aug 2020,40000
2020,President,polls-plus,8/13/2020,Trump,Biden,"",.0039,.00175,,229,15:19:03 13 Aug 2020,40000
2020,President,polls-plus,8/13/2020,Trump,Biden,"",.001325,.004225,,228,15:19:03 13 Aug 2020,40000
2020,President,polls-plus,8/13/2020,Trump,Biden,"",.0016,.0026,,227,15:19:03 13 Aug 2020,40000
2020,President,polls-plus,8/13/2020,Trump,Biden,"",.0034,.00515,,226,15:19:03 13 Aug 2020,40000
2020,President,polls-plus,8/13/2020,Trump,Biden,"",.0034,.001375,,225,15:19:03 13 Aug 2020,40000
2020,President,polls-plus,8/13/2020,Trump,Biden,"",.003025,.00085,,224,15:19:03 13 Aug 2020,40000
2020,President,polls-plus,8/13/2020,Trump,Biden,"",.002675,.0024,,223,15:19:03 13 Aug 2020,40000
2020,President,polls-plus,8/13/2020,Trump,Biden,"",.002075,.002775,,222,15:19:03 13 Aug 2020,40000
2020,President,polls-plus,8/13/2020,Trump,Biden,"",.002325,.002,,221,15:19:03 13 Aug 2020,40000
2020,President,polls-plus,8/13/2020,Trump,Biden,"",.01195,.001625,,220,15:19:03 13 Aug 2020,40000
2020,President,polls-plus,8/13/2020,Trump,Biden,"",.0005,0,,22,15:19:03 13 Aug 2020,40000
2020,President,polls-plus,8/13/2020,Trump,Biden,"",.0175,.002125,,219,15:19:03 13 Aug 2020,40000
2020,President,polls-plus,8/13/2020,Trump,Biden,"",.00345,.002175,,218,15:19:03 13 Aug 2020,40000
2020,President,polls-plus,8/13/2020,Trump,Biden,"",.0017,.002475,,217,15:19:03 13 Aug 2020,40000
2020,President,polls-plus,8/13/2020,Trump,Biden,"",.005875,.006625,,216,15:19:03 13 Aug 2020,40000
2020,President,polls-plus,8/13/2020,Trump,Biden,"",.0081,.001325,,215,15:19:03 13 Aug 2020,40000
2020,President,polls-plus,8/13/2020,Trump,Biden,"",.0036,.0018,,214,15:19:03 13 Aug 2020,40000
2020,President,polls-plus,8/13/2020,Trump,Biden,"",.002775,.001575,,213,15:19:03 13 Aug 2020,40000
2020,President,polls-plus,8/13/2020,Trump,Biden,"",.0047,.00415,,212,15:19:03 13 Aug 2020,40000
2020,President,polls-plus,8/13/2020,Trump,Biden,"",.0029,.001775,,211,15:19:03 13 Aug 2020,40000
2020,President,polls-plus,8/13/2020,Trump,Biden,"",.001625,.0099,,210,15:19:03 13 Aug 2020,40000
2020,President,polls-plus,8/13/2020,Trump,Biden,"",.0001,0,,21,15:19:03 13 Aug 2020,40000
2020,President,polls-plus,8/13/2020,Trump,Biden,"",.002175,.00155,,209,15:19:03 13 Aug 2020,40000
2020,President,polls-plus,8/13/2020,Trump,Biden,"",.00215,.001075,,208,15:19:03 13 Aug 2020,40000
2020,President,polls-plus,8/13/2020,Trump,Biden,"",.001025,.002925,,207,15:19:03 13 Aug 2020,40000
2020,President,polls-plus,8/13/2020,Trump,Biden,"",.001625,.0013,,206,15:19:03 13 Aug 2020,40000
2020,President,polls-plus,8/13/2020,Trump,Biden,"",.0054,.003875,,205,15:19:03 13 Aug 2020,40000
2020,President,polls-plus,8/13/2020,Trump,Biden,"",.009225,.00115,,204,15:19:03 13 Aug 2020,40000
2020,President,polls-plus,8/13/2020,Trump,Biden,"",.004175,.004,,203,15:19:03 13 Aug 2020,40000
2020,President,polls-plus,8/13/2020,Trump,Biden,"",.0031,.00115,,202,15:19:03 13 Aug 2020,40000
2020,President,polls-plus,8/13/2020,Trump,Biden,"",.0091,.008425,,201,15:19:03 13 Aug 2020,40000
2020,President,polls-plus,8/13/2020,Trump,Biden,"",.004825,.002075,,200,15:19:03 13 Aug 2020,40000
2020,President,polls-plus,8/13/2020,Trump,Biden,"",.00055,0,,20,15:19:03 13 Aug 2020,40000
2020,President,polls-plus,8/13/2020,Trump,Biden,"",0,0,,2,15:19:03 13 Aug 2020,40000
2020,President,polls-plus,8/13/2020,Trump,Biden,"",.002325,.0017,,199,15:19:03 13 Aug 2020,40000
2020,President,polls-plus,8/13/2020,Trump,Biden,"",.003125,.002225,,198,15:19:03 13 Aug 2020,40000
2020,President,polls-plus,8/13/2020,Trump,Biden,"",.006225,.002475,,197,15:19:03 13 Aug 2020,40000
2020,President,polls-plus,8/13/2020,Trump,Biden,"",.004825,.00545,,196,15:19:03 13 Aug 2020,40000
2020,President,polls-plus,8/13/2020,Trump,Biden,"",.003525,.00125,,195,15:19:03 13 Aug 2020,40000
2020,President,polls-plus,8/13/2020,Trump,Biden,"",.004125,.003575,,194,15:19:03 13 Aug 2020,40000
2020,President,polls-plus,8/13/2020,Trump,Biden,"",.0017,.001725,,193,15:19:03 13 Aug 2020,40000
2020,President,polls-plus,8/13/2020,Trump,Biden,"",.0022,.001325,,192,15:19:03 13 Aug 2020,40000
2020,President,polls-plus,8/13/2020,Trump,Biden,"",.00275,.001225,,191,15:19:03 13 Aug 2020,40000
2020,President,polls-plus,8/13/2020,Trump,Biden,"",.00365,.001325,,190,15:19:03 13 Aug 2020,40000
2020,President,polls-plus,8/13/2020,Trump,Biden,"",.000275,.000025,,19,15:19:03 13 Aug 2020,40000
2020,President,polls-plus,8/13/2020,Trump,Biden,"",.002525,.00495,,189,15:19:03 13 Aug 2020,40000
2020,President,polls-plus,8/13/2020,Trump,Biden,"",.005225,.004975,,188,15:19:03 13 Aug 2020,40000
2020,President,polls-plus,8/13/2020,Trump,Biden,"",.003725,.00145,,187,15:19:03 13 Aug 2020,40000
2020,President,polls-plus,8/13/2020,Trump,Biden,"",.011675,.0007,,186,15:19:03 13 Aug 2020,40000
2020,President,polls-plus,8/13/2020,Trump,Biden,"",.008725,.001475,,185,15:19:03 13 Aug 2020,40000
2020,President,polls-plus,8/13/2020,Trump,Biden,"",.0016,.00055,,184,15:19:03 13 Aug 2020,40000
2020,President,polls-plus,8/13/2020,Trump,Biden,"",.00205,.006025,,183,15:19:03 13 Aug 2020,40000
2020,President,polls-plus,8/13/2020,Trump,Biden,"",.0034,.00225,,182,15:19:03 13 Aug 2020,40000
2020,President,polls-plus,8/13/2020,Trump,Biden,"",.004225,.001825,,181,15:19:03 13 Aug 2020,40000
2020,President,polls-plus,8/13/2020,Trump,Biden,"",.0063,.00145,,180,15:19:03 13 Aug 2020,40000
2020,President,polls-plus,8/13/2020,Trump,Biden,"",.000175,0,,18,15:19:03 13 Aug 2020,40000
2020,President,polls-plus,8/13/2020,Trump,Biden,"",.010075,.000625,,179,15:19:03 13 Aug 2020,40000
2020,President,polls-plus,8/13/2020,Trump,Biden,"",.0018,.000575,,178,15:19:03 13 Aug 2020,40000
2020,President,polls-plus,8/13/2020,Trump,Biden,"",.0021,.000625,,177,15:19:03 13 Aug 2020,40000
2020,President,polls-plus,8/13/2020,Trump,Biden,"",.004125,.0064,,176,15:19:03 13 Aug 2020,40000
2020,President,polls-plus,8/13/2020,Trump,Biden,"",.0016,.004675,,175,15:19:03 13 Aug 2020,40000
2020,President,polls-plus,8/13/2020,Trump,Biden,"",.003175,.000525,,174,15:19:03 13 Aug 2020,40000
2020,President,polls-plus,8/13/2020,Trump,Biden,"",.002125,.000425,,173,15:19:03 13 Aug 2020,40000
2020,President,polls-plus,8/13/2020,Trump,Biden,"",.00155,.000775,,172,15:19:03 13 Aug 2020,40000
2020,President,polls-plus,8/13/2020,Trump,Biden,"",.0024,.001075,,171,15:19:03 13 Aug 2020,40000
2020,President,polls-plus,8/13/2020,Trump,Biden,"",.0085,.000325,,170,15:19:03 13 Aug 2020,40000
2020,President,polls-plus,8/13/2020,Trump,Biden,"",.000075,0,,17,15:19:03 13 Aug 2020,40000
2020,President,polls-plus,8/13/2020,Trump,Biden,"",.0044,.0014,,169,15:19:03 13 Aug 2020,40000
2020,President,polls-plus,8/13/2020,Trump,Biden,"",.001525,.0013,,168,15:19:03 13 Aug 2020,40000
2020,President,polls-plus,8/13/2020,Trump,Biden,"",.002425,.000725,,167,15:19:03 13 Aug 2020,40000
2020,President,polls-plus,8/13/2020,Trump,Biden,"",.0035,.0005,,166,15:19:03 13 Aug 2020,40000
2020,President,polls-plus,8/13/2020,Trump,Biden,"",.002075,.00055,,165,15:19:03 13 Aug 2020,40000
2020,President,polls-plus,8/13/2020,Trump,Biden,"",.00625,.000875,,164,15:19:03 13 Aug 2020,40000
2020,President,polls-plus,8/13/2020,Trump,Biden,"",.01085,.000675,,163,15:19:03 13 Aug 2020,40000
2020,President,polls-plus,8/13/2020,Trump,Biden,"",.001475,.00105,,162,15:19:03 13 Aug 2020,40000
2020,President,polls-plus,8/13/2020,Trump,Biden,"",.00215,.001275,,161,15:19:03 13 Aug 2020,40000
2020,President,polls-plus,8/13/2020,Trump,Biden,"",.003675,.000475,,160,15:19:03 13 Aug 2020,40000
2020,President,polls-plus,8/13/2020,Trump,Biden,"",.0004,.00005,,16,15:19:03 13 Aug 2020,40000
2020,President,polls-plus,8/13/2020,Trump,Biden,"",.001625,.000575,,159,15:19:03 13 Aug 2020,40000
2020,President,polls-plus,8/13/2020,Trump,Biden,"",.00165,.000625,,158,15:19:03 13 Aug 2020,40000
2020,President,polls-plus,8/13/2020,Trump,Biden,"",.00305,.00055,,157,15:19:03 13 Aug 2020,40000
2020,President,polls-plus,8/13/2020,Trump,Biden,"",.001975,.000425,,156,15:19:03 13 Aug 2020,40000
2020,President,polls-plus,8/13/2020,Trump,Biden,"",.001325,.00085,,155,15:19:03 13 Aug 2020,40000
2020,President,polls-plus,8/13/2020,Trump,Biden,"",.00215,.000975,,154,15:19:03 13 Aug 2020,40000
2020,President,polls-plus,8/13/2020,Trump,Biden,"",.001675,.000125,,153,15:19:03 13 Aug 2020,40000
2020,President,polls-plus,8/13/2020,Trump,Biden,"",.00135,.00015,,152,15:19:03 13 Aug 2020,40000
2020,President,polls-plus,8/13/2020,Trump,Biden,"",.0016,.00055,,151,15:19:03 13 Aug 2020,40000
2020,President,polls-plus,8/13/2020,Trump,Biden,"",.0038,.00105,,150,15:19:03 13 Aug 2020,40000
2020,President,polls-plus,8/13/2020,Trump,Biden,"",.0002,0,,15,15:19:03 13 Aug 2020,40000
2020,President,polls-plus,8/13/2020,Trump,Biden,"",.00195,.0003,,149,15:19:03 13 Aug 2020,40000
2020,President,polls-plus,8/13/2020,Trump,Biden,"",.004675,.00015,,148,15:19:03 13 Aug 2020,40000
2020,President,polls-plus,8/13/2020,Trump,Biden,"",.003625,.00005,,147,15:19:03 13 Aug 2020,40000
2020,President,polls-plus,8/13/2020,Trump,Biden,"",.000925,.00015,,146,15:19:03 13 Aug 2020,40000
2020,President,polls-plus,8/13/2020,Trump,Biden,"",.001125,.000175,,145,15:19:03 13 Aug 2020,40000
2020,President,polls-plus,8/13/2020,Trump,Biden,"",.00215,.000125,,144,15:19:03 13 Aug 2020,40000
2020,President,polls-plus,8/13/2020,Trump,Biden,"",.00155,.0002,,143,15:19:03 13 Aug 2020,40000
2020,President,polls-plus,8/13/2020,Trump,Biden,"",.00325,.00015,,142,15:19:03 13 Aug 2020,40000
2020,President,polls-plus,8/13/2020,Trump,Biden,"",.006025,.000125,,141,15:19:03 13 Aug 2020,40000
2020,President,polls-plus,8/13/2020,Trump,Biden,"",.001,.000125,,140,15:19:03 13 Aug 2020,40000
2020,President,polls-plus,8/13/2020,Trump,Biden,"",.000175,0,,14,15:19:03 13 Aug 2020,40000
2020,President,polls-plus,8/13/2020,Trump,Biden,"",.0015,.0002,,139,15:19:03 13 Aug 2020,40000
2020,President,polls-plus,8/13/2020,Trump,Biden,"",.00365,.0005,,138,15:19:03 13 Aug 2020,40000
2020,President,polls-plus,8/13/2020,Trump,Biden,"",.0013,.0002,,137,15:19:03 13 Aug 2020,40000
2020,President,polls-plus,8/13/2020,Trump,Biden,"",.001475,.00005,,136,15:19:03 13 Aug 2020,40000
2020,President,polls-plus,8/13/2020,Trump,Biden,"",.00185,.0002,,135,15:19:03 13 Aug 2020,40000
2020,President,polls-plus,8/13/2020,Trump,Biden,"",.001275,.0002,,134,15:19:03 13 Aug 2020,40000
2020,President,polls-plus,8/13/2020,Trump,Biden,"",.0019,.000075,,133,15:19:03 13 Aug 2020,40000
2020,President,polls-plus,8/13/2020,Trump,Biden,"",.009725,.000175,,132,15:19:03 13 Aug 2020,40000
2020,President,polls-plus,8/13/2020,Trump,Biden,"",.004475,.00015,,131,15:19:03 13 Aug 2020,40000
2020,President,polls-plus,8/13/2020,Trump,Biden,"",.000975,.000425,,130,15:19:03 13 Aug 2020,40000
2020,President,polls-plus,8/13/2020,Trump,Biden,"",.00025,.00005,,13,15:19:03 13 Aug 2020,40000
2020,President,polls-plus,8/13/2020,Trump,Biden,"",.002275,.0001,,129,15:19:03 13 Aug 2020,40000
2020,President,polls-plus,8/13/2020,Trump,Biden,"",.001975,.00005,,128,15:19:03 13 Aug 2020,40000
2020,President,polls-plus,8/13/2020,Trump,Biden,"",.001125,.00015,,127,15:19:03 13 Aug 2020,40000
2020,President,polls-plus,8/13/2020,Trump,Biden,"",.011525,.0001,,126,15:19:03 13 Aug 2020,40000
2020,President,polls-plus,8/13/2020,Trump,Biden,"",.023075,.000125,,125,15:19:03 13 Aug 2020,40000
2020,President,polls-plus,8/13/2020,Trump,Biden,"",.001675,.00015,,124,15:19:03 13 Aug 2020,40000
2020,President,polls-plus,8/13/2020,Trump,Biden,"",.00445,0,,123,15:19:03 13 Aug 2020,40000
2020,President,polls-plus,8/13/2020,Trump,Biden,"",.011825,.000025,,122,15:19:03 13 Aug 2020,40000
2020,President,polls-plus,8/13/2020,Trump,Biden,"",.001125,.000075,,121,15:19:03 13 Aug 2020,40000
2020,President,polls-plus,8/13/2020,Trump,Biden,"",.0023,.000075,,120,15:19:03 13 Aug 2020,40000
2020,President,polls-plus,8/13/2020,Trump,Biden,"",.000075,0,,12,15:19:03 13 Aug 2020,40000
2020,President,polls-plus,8/13/2020,Trump,Biden,"",.006325,.0001,,119,15:19:03 13 Aug 2020,40000
2020,President,polls-plus,8/13/2020,Trump,Biden,"",.001875,.000325,,118,15:19:03 13 Aug 2020,40000
2020,President,polls-plus,8/13/2020,Trump,Biden,"",.003475,.0001,,117,15:19:03 13 Aug 2020,40000
2020,President,polls-plus,8/13/2020,Trump,Biden,"",.007175,.000075,,116,15:19:03 13 Aug 2020,40000
2020,President,polls-plus,8/13/2020,Trump,Biden,"",.004,.000125,,115,15:19:03 13 Aug 2020,40000
2020,President,polls-plus,8/13/2020,Trump,Biden,"",.002225,.00015,,114,15:19:03 13 Aug 2020,40000
2020,President,polls-plus,8/13/2020,Trump,Biden,"",.00505,.00005,,113,15:19:03 13 Aug 2020,40000
2020,President,polls-plus,8/13/2020,Trump,Biden,"",.00435,0,,112,15:19:03 13 Aug 2020,40000
2020,President,polls-plus,8/13/2020,Trump,Biden,"",.0025,.000075,,111,15:19:03 13 Aug 2020,40000
2020,President,polls-plus,8/13/2020,Trump,Biden,"",.00365,.0001,,110,15:19:03 13 Aug 2020,40000
2020,President,polls-plus,8/13/2020,Trump,Biden,"",.000275,0,,11,15:19:03 13 Aug 2020,40000
2020,President,polls-plus,8/13/2020,Trump,Biden,"",.00395,0,,109,15:19:03 13 Aug 2020,40000
2020,President,polls-plus,8/13/2020,Trump,Biden,"",.0019,.000125,,108,15:19:03 13 Aug 2020,40000
2020,President,polls-plus,8/13/2020,Trump,Biden,"",.00255,.000025,,107,15:19:03 13 Aug 2020,40000
2020,President,polls-plus,8/13/2020,Trump,Biden,"",.003625,0,,106,15:19:03 13 Aug 2020,40000
2020,President,polls-plus,8/13/2020,Trump,Biden,"",.001825,.000075,,105,15:19:03 13 Aug 2020,40000
2020,President,polls-plus,8/13/2020,Trump,Biden,"",.001675,.000075,,104,15:19:03 13 Aug 2020,40000
2020,President,polls-plus,8/13/2020,Trump,Biden,"",.005675,.0001,,103,15:19:03 13 Aug 2020,40000
2020,President,polls-plus,8/13/2020,Trump,Biden,"",.0026,.000025,,102,15:19:03 13 Aug 2020,40000
2020,President,polls-plus,8/13/2020,Trump,Biden,"",.00115,.0001,,101,15:19:03 13 Aug 2020,40000
2020,President,polls-plus,8/13/2020,Trump,Biden,"",.003825,.000025,,100,15:19:03 13 Aug 2020,40000
2020,President,polls-plus,8/13/2020,Trump,Biden,"",.000175,0,,10,15:19:03 13 Aug 2020,40000
2020,President,polls-plus,8/13/2020,Trump,Biden,"",.00025,0,,1,15:19:03 13 Aug 2020,40000
2020,President,polls-plus,8/13/2020,Trump,Biden,"",.00005,0,,0,15:19:03 13 Aug 2020,40000
